{
  "calibration_sha256": "d1052ecaad791d9ea32e6c59061ae2090f41fc383f1db5344e3e091ab18a69f4",
  "can_claim_production_blind_0_85": false,
  "claim_boundary": "frozen_public_mapping_v2_only",
  "dataset_sha256": "864a327e3e5184a03902d7e74b0cdb34aef283abfd0f7d70ceadd907f0bbc49e",
  "dev_report_sha256": "a891f19dd307026a002b853ee90d934e4cc5d3ddf560b3b498f882b3737e93a0",
  "engine_commit": "e2101d0d0cc95235585fc7c2fdd25a0767e19234",
  "external_blind_status": "not_run",
  "failures": [],
  "status": "passed",
  "test_metrics": {
    "abstention_rate": 0.0,
    "auto_exact_field_accuracy": 0.9962825278810409,
    "auto_f1": 0.9981378026070763,
    "auto_precision": 1.0,
    "auto_recall": 0.9962825278810409,
    "document_count": 45,
    "duplicate_source_violation_count": 0,
    "invalid_cardinality_count": 0,
    "macro_f1_by_schema": 0.9976525821596244,
    "negative_pair_violation_count": 0,
    "per_schema_f1": {
      "event_brief": 1.0,
      "grant_program": 1.0,
      "meeting_record": 1.0,
      "policy_release": 1.0,
      "procurement_notice": 1.0,
      "service_guide": 0.9859154929577464
    },
    "required_present_field_recall": 1.0,
    "review_required_rate": 0.0,
    "schema_held_out_f1": 1.0,
    "test_vs_dev_gap": -0.001925681394955081
  },
  "test_report_sha256": "3e6e8915a569cb1b8f41b2b746c6cbe42df307f73ca2c2073cdc7788ced3451b"
}
