{
  "calibration_sha256": "e13b90f7fedb5033a6659a5961d2e556ff84f007bb0f990bfe540873c0382f1b",
  "can_claim_production_blind_0_85": false,
  "claim_boundary": "frozen_public_mapping_v2_only",
  "dataset_sha256": "864a327e3e5184a03902d7e74b0cdb34aef283abfd0f7d70ceadd907f0bbc49e",
  "dev_report_sha256": "903b6e840d2755ddc1c23ae556f578dc7dd00720e9375d58fec7a2bd062a193a",
  "engine_commit": "e2101d0d0cc95235585fc7c2fdd25a0767e19234",
  "external_blind_status": "not_run",
  "failures": [],
  "status": "passed",
  "test_metrics": {
    "abstention_rate": 0.0,
    "auto_exact_field_accuracy": 0.9962825278810409,
    "auto_f1": 0.9981378026070763,
    "auto_precision": 1.0,
    "auto_recall": 0.9962825278810409,
    "document_count": 45,
    "duplicate_source_violation_count": 0,
    "invalid_cardinality_count": 0,
    "macro_f1_by_schema": 0.9976525821596244,
    "negative_pair_violation_count": 0,
    "per_schema_f1": {
      "event_brief": 1.0,
      "grant_program": 1.0,
      "meeting_record": 1.0,
      "policy_release": 1.0,
      "procurement_notice": 1.0,
      "service_guide": 0.9859154929577464
    },
    "required_present_field_recall": 1.0,
    "review_required_rate": 0.0,
    "schema_held_out_f1": 1.0,
    "test_vs_dev_gap": -0.001925681394955081
  },
  "test_report_sha256": "d9b612aa396ce7894543e0da9503131242d3853ec81e91086754f0f4badb298a"
}
