{
  "calibration_sha256": "cb580aaeabace8726cd44dee0b4eae46fd999faa69783a02305faf6d11506ee8",
  "can_claim_production_blind_0_85": false,
  "claim_boundary": "frozen_public_mapping_v2_only",
  "dataset_sha256": "2e527fb7127e26eb8fbe7f8c579620501624d7922cc8413ed3d424d0d29e8805",
  "dev_report_sha256": "63e5bd76d03e900a20606848483da4fb89bdab4fadb3ec80f10604623bd1438a",
  "engine_commit": "e2101d0d0cc95235585fc7c2fdd25a0767e19234",
  "external_blind_status": "not_run",
  "failures": [],
  "status": "passed",
  "test_metrics": {
    "abstention_rate": 0.0,
    "auto_exact_field_accuracy": 0.9962825278810409,
    "auto_f1": 0.9981378026070763,
    "auto_precision": 1.0,
    "auto_recall": 0.9962825278810409,
    "document_count": 45,
    "duplicate_source_violation_count": 0,
    "invalid_cardinality_count": 0,
    "macro_f1_by_schema": 0.9976525821596244,
    "negative_pair_violation_count": 0,
    "per_schema_f1": {
      "event_brief": 1.0,
      "grant_program": 1.0,
      "meeting_record": 1.0,
      "policy_release": 1.0,
      "procurement_notice": 1.0,
      "service_guide": 0.9859154929577464
    },
    "required_present_field_recall": 1.0,
    "review_required_rate": 0.0,
    "schema_held_out_f1": 1.0,
    "test_vs_dev_gap": -0.001925681394955081
  },
  "test_report_sha256": "ab56d029b7b03b734c6027e4bed01da7875e6226b555e7c4a6f59665bad25de9"
}
